idnumber,smiles,logSolubility
HMDB0000058,Nc1ncnc2c1ncn2C1OC2COP(=O)(O)OC2C1O,-0.77
HMDB0000343,CC12CCC3c4cc(O)c(O)cc4CCC3C1CCC2=O,-3.3
HMDB0000372,CC12CCC3c4ccc(O)cc4CCC3C1CC(=O)C2=O,-2.06
HMDB0000406,CC12CCC3c4ccc(O)cc4CCC3C1CC(=O)C2O,-7.87
HMDB0000416,CC(=O)C1(O)CCC2C3CC=C4CC(OS(=O)(=O)[O-])CCC4(C)C3CCC21C,-1.33
HMDB0000431,CC12CCC3c4ccc(O)cc4CCC3C1CC(O)C2O,-1.5
HMDB0000512,CC(=O)NC(Cc1ccccc1)C(=O)O,-7.32
HMDB0000594,[NH3+]C(CCC(=O)NC(Cc1ccccc1)C(=O)O)C(=O)O,-5.03
HMDB0000637,CC(CCC(=O)NCC(=O)O)C1CCC2C3C(O)CC4CC(O)CCC4(C)C3CCC12C,-6.29
HMDB0000667,[NH3+]C(Cc1ccc(Oc2ccc(O)cc2)cc1)C(=O)O,-4.42
HMDB0000671,O=C(O)C(O)Cc1c[nH]c2ccccc12,1.07
HMDB0000706,[NH3+]C(CC(=O)O)C(=O)NC(Cc1ccccc1)C(=O)O,-4.14
HMDB0000715,O=C(O)c1cc(=O)c2ccccc2[nH]1,-2.68
HMDB0000722,CC(CCC(=O)NCCS(=O)(=O)[O-])C1CCC2C3CCC4CC(O)CCC4(C)C3CCC12C,-2.64
HMDB0000763,O=C(O)Cc1c[nH]c2ccc(O)cc12,-7.96
HMDB0000839,C1=Cc2cc3ccc(cc4ccc(cc5nc(cc1n2)C=C5)[nH]4)[nH]3,-1.41
HMDB0000842,O=C(O)c1ccc2ccccc2n1,-0.47
HMDB0000860,O=C(O)CNC(=O)CCc1ccccc1,-1.0
HMDB0000874,CC(CCC(=O)NCCS(=O)(=O)[O-])C1CCC2C3C(O)CC4CC(O)CCC4(C)C3CCC12C,-3.64
HMDB0000881,O=C(O)c1cc(O)c2cccc(O)c2n1,-2.94
HMDB0000929,[NH3+]C(Cc1c[nH]c2ccccc12)C(=O)O,-7.43
HMDB0001000,O=c1ccn(C2CC(O)C(COP(=O)(O)OP(=O)(O)O)O2)c(=O)[nH]1,-4.5939999999999985
HMDB0001054,CC(C)=CCCC(C)=CCCC(C)CCOP(=O)(O)OC1OC(CO)C(O)C(O)C1O,-4.11
HMDB0001091,C=CC1(O)C[NH+]2CCC1CC2C(O)c1ccnc2ccc(OC)cc12,-2.35
HMDB0001204,CN1C(=O)C(OC2OC(C(=O)O)C(O)C(O)C2O)CC1c1cccnc1,-5.47
HMDB0001244,CCCCCC(=O)CCC1C=CC(=O)C1CC=CCCCC(=O)O,-1.81
HMDB0001389,COc1ccc2[nH]cc(CCNC(C)=O)c2c1,-1.39
HMDB0001510,CC([NH2+]C(C)(C)C)C(=O)c1cccc(Cl)c1,-1.661
HMDB0001518,Cc1c(C)c2c(c(C)c1O)CCC(C)(CCC(=O)O)O2,-6.9
HMDB0001570,Cc1cn(C2CC3OP(=O)(O)OCC3O2)c(=O)[nH]c1=O,-3.17
HMDB0001849,CC(C)[NH2+]CC(O)COc1cccc2ccccc12,-3.75
HMDB0001892,CC1=CC(=O)c2ccccc2C1=O,-4.755
HMDB0001894,COC(=O)C(Cc1ccccc1)NC(=O)C([NH3+])CC(=O)O,-4.805
HMDB0001925,CC(C)Cc1ccc(C(C)C(=O)O)cc1,-1.64
HMDB0001938,[NH3+]CCCCC([NH2+]C(CCc1ccccc1)C(=O)O)C(=O)N1CCCC1C(=O)O,-5.22
HMDB0001940,Nc1nc(N)c2nc(-c3ccccc3)c(N)nc2n1,-0.85
HMDB0002096,O=C(O)CCCc1c[nH]c2ccccc12,-3.504
HMDB0002114,O=C(C=Cc1ccc(O)cc1)CC(=O)C=Cc1ccc(O)cc1,-3.927
HMDB0002124,O=c1cc(-c2ccc(O)cc2)oc2cc(O)cc(O)c12,-4.15
HMDB0002209,Oc1ccc(C2COc3cc(O)ccc3C2)cc1,-4.81
HMDB0002236,CCCCCC(O)C=CC1C=CC(=O)C1CCCCCCC(=O)O,-4.88
HMDB0002269,COc1cc(C=CC(=O)CC(=O)C=Cc2ccc(O)c(OC)c2)ccc1O,-0.15
HMDB0002294,CCC=CCC(O)C(O)C=CC=CC=CC=CC(O)CC=CCCC(=O)O,-1.655
HMDB0002302,O=C(O)CCc1c[nH]c2ccccc12,-2.53
HMDB0002326,O=c1oc2cc(O)ccc2c2oc3cc(O)ccc3c12,-0.63
HMDB0002338,COc1ccc(-c2coc3cc(O)cc(O)c3c2=O)cc1,-1.55
HMDB0002372,O=C(Cc1ccccc1)NC(Cc1ccccc1)C(=O)O,-3.083
HMDB0002708,Oc1cc(O)c2cc(O)c(-c3ccc(O)c(O)c3)[o+]c2c1,-3.127
HMDB0002710,CCCCCC(O)C=CC1C(=O)C=CC1CC=CCCCC(=O)O,-4.76
HMDB0002780,Oc1cc(O)c2c(c1)OC(c1ccc(O)c(O)c1)C(O)C2,-1.94
HMDB0002899,O=c1oc2c(O)c(O)cc3c(=O)oc4c(O)c(O)cc1c4c23,-3.66
HMDB0003066,O=C(C=Cc1ccccc1)c1ccccc1,-2.17
HMDB0003075,O=c1cc(-c2ccccc2)oc2ccccc12,-8.057
HMDB0003141,CC(C=CC1=C(C)CCCC1(C)C)=CC=CC(C)=CC(=O)OC1OC(C(=O)O)C(O)C(O)C1O,-2.523
HMDB0003175,CCCCCC(=O)C=CC1C(O)CC(=O)C1CC=CCCCC(=O)O,-8.6
HMDB0003217,O=c1c(-c2ccc(O)cc2)coc2cc(O)cc(O)c12,-0.62
HMDB0003218,CC1=C(C)C(=O)OC(C(C)(O)C2CCC3C4CC5OC56C(O)C=CC(=O)C6(C)C4CCC32C)C1,-5.05
HMDB0003235,CCCCCC(C=CC1C2CC(OO2)C1CC=CCCCC(=O)O)OO,-4.14
HMDB0003263,Oc1ccc(-c2[o+]c3cc(O)cc(O)c3cc2O)cc1,-6.57
HMDB0003306,O=C(CCc1ccc(O)cc1)c1c(O)cc(O)cc1O,-0.19
HMDB0003312,O=c1c(-c2ccc(O)cc2)coc2cc(O)ccc12,-9.15
HMDB0003324,C=CC1=C(C)C(=Cc2[nH]c(C=C3N=C(O)C(C)=C3CCC(=O)O)c(CCC(=O)O)c2C)N=C1O,-0.82
HMDB0003572,O=C(C=Cc1ccc(O)c(O)c1)OC(Cc1ccc(O)c(O)c1)C(=O)O,-3.68
HMDB0003573,C[NH+]1C2CC(OC(=O)C(CO)c3ccccc3)CC1C1OC12,-0.8
HMDB0003601,COc1ccc(CC2c3cc(O)c(OC)cc3CC[NH+]2C)cc1O,-2.81
HMDB0003747,Oc1ccc(C=Cc2cc(O)cc(O)c2)cc1,-5.931
HMDB0003882,Cc1cc2ncn(C3OC(COP(=O)(O)O)C(O)C3O)c2cc1C,-4.06
HMDB0004078,Nc1c(C(=O)O)c2nc3c(C(=O)O)cccc3oc-2cc1=O,-0.667
HMDB0004087,c1ccc(CC2[NH2+]CCc3ccccc32)cc1,-2.68
HMDB0004185,O=C(O)CNC(=O)Cc1c[nH]c2ccc(O)cc12,-5.27
HMDB0004215,Oc1cc(O)cc(C=Cc2ccc(O)c(O)c2)c1,-3.38
HMDB0004238,CCCCCC(O)CC=C1C(=O)C=CC1CC=CCCCC(=O)O,-5.46
HMDB0004240,CCCCCC(=O)C=CC1C(O)CC(O)C1CC=CCCCC(=O)O,-1.96
HMDB0004241,CCCCCC(O)C=CC1C(O)CC(=O)C1CC(=O)CCCCC(=O)O,-2.369
HMDB0004484,CC12CCC3C(CCC4CC(OC5OC(C(=O)O)C(O)C(O)C5O)CCC43C)C1CCC2=O,-2.25
HMDB0004590,CC12CCC3C4CCC(O)CC4=CCC3C1CCC2O,-1.92
HMDB0004629,CC(C(=O)c1ccc(O)cc1O)c1ccc(O)cc1,-5.886
HMDB0004685,CCCCCC(=O)CCC1C(O)CC(O)C1CC=CCCCC(=O)O,-6.01
HMDB0004808,CC(=CCC1=C(C)C(=O)c2ccccc2C1=O)CCC(=O)O,-1.73
HMDB0004810,CC1=C(CCC(C)C(=O)O)C(=O)c2ccccc2C1=O,-3.4930000000000003
HMDB0005014,Cc1ccc(-c2cc(C(F)(F)F)nn2-c2ccc(S(N)(=O)=O)cc2)cc1,-1.995
HMDB0005020,Cc1nc2n(c(=O)c1CC[NH+]1CCC(c3noc4cc(F)ccc34)CC1)CCCC2,-0.466
HMDB0005033,Cc1onc(-c2ccccc2)c1-c1ccc(S(N)(=O)=O)cc1,0.32
HMDB0005035,Cc1nccn1CC1CCc2c(c3ccccc3n2C)C1=O,-2.77
HMDB0005039,CCCc1nn(C)c2c(=O)nc(-c3cc(S(=O)(=O)N4CC[NH+](C)CC4)ccc3OCC)[nH]c12,-3.28
HMDB0005041,COc1cc2c(cc1OC)C(=O)C(CC1CC[NH+](Cc3ccccc3)CC1)C2,-3.67
HMDB0005042,O=C1CCc2ccc(OCCCC[NH+]3CCN(c4cccc(Cl)c4Cl)CC3)cc2N1,-6.876
HMDB0005760,O=C1c2ccc(O)cc2OCC1c1ccc(O)cc1,-0.8
HMDB0005781,COc1cc2c(=O)c(-c3ccc(O)cc3)coc2cc1O,-2.35
HMDB0005782,COc1ccc(C2CC(=O)c3c(O)cc(O)cc3O2)cc1O,-5.36
HMDB0005789,COc1cc(CCC(=O)CC(=O)CCc2ccc(O)c(OC)c2)ccc1O,-3.48
HMDB0005801,O=c1c(O)c(-c2ccc(O)cc2)oc2cc(O)cc(O)c12,-3.46
HMDB0005808,COc1ccc(-c2coc3cc(O)ccc3c2=O)cc1,-6.0
HMDB0005897,O=C1c2c(O)cc(O)cc2OCC1c1ccc(O)cc1,-1.34
HMDB0006005,O=C(O)CN=C(O)C=Cc1c[nH]c2ccccc12,-4.29
HMDB0006061,O=C(O)CCC(NC(=O)Cc1ccc(O)cc1)C(=O)O,-4.07
HMDB0006101,O=C1OCC(Cc2cccc(O)c2)C1Cc1cccc(O)c1,-5.64
HMDB0006203,CC12CCC(=O)CC1CCC1C2CCC2(C)C(OC3OC(C(=O)O)C(O)C(O)C3O)CCC12,-7.25
HMDB0006217,CC(C=CC1=C(C)CCCC1(C)C)=CC=CC(C)=CCO,-1.6
HMDB0006218,CC(C=CC=C(C)C=CC1=C(C)CCCC1(C)C)=CC=O,-3.27
HMDB0006285,CC(C=CC1=C(C)C(=O)CCC1(C)C)=CC=CC(C)=CC(=O)O,-3.45
HMDB0006344,NC(=O)CCC(NC(=O)Cc1ccccc1)C(=O)O,-5.43
HMDB0006552,COc1cc2c(c3oc(=O)c4c(c13)CCC4=O)C1C=COC1O2,0.39
HMDB0010314,O=C(OC1OC(C(=O)O)C(O)C(O)C1O)c1ccccc1O,-0.63
HMDB0010321,CC12CCC3C(CCC4CC(OC(=O)C5OC(O)C(O)C(O)C5O)CCC43C)C1CCC2O,-4.17
HMDB0010322,CC12CCC3c4ccc(OC5OC(C(=O)O)C(O)C(O)C5O)cc4CCC3C1CCC2O,0.58
HMDB0010323,O=C(O)C1OC([NH2+]CCc2ccccc2)C(O)C(O)C1O,-1.74
HMDB0010324,O=C(OC1OC(C(=O)O)C(O)C(O)C1O)c1ccccc1,-1.506
HMDB0010334,CC(C(=O)OC1OC(C(=O)O)C(O)C(O)C1O)c1cccc(C(=O)c2ccccc2)c1,-2.55
HMDB0010338,CC12CC(=O)C3C(CCC4CC(OC5OC(C(=O)O)C(O)C(O)C5O)CCC43C)C1CCC2=O,-1.23
HMDB0010340,CC(C=CC1=C(C)CCCC1(C)C)=CC=CC(C)=CCOC1OC(C(=O)O)C(O)C(O)C1O,-3.61
HMDB0010341,C[NH+]1CCC23CCCCC2C1Cc1ccc(OC2OC(C(=O)O)C(O)C(O)C2O)cc13,-4.7
HMDB0010343,CC(C)Cc1ccc(C(C)C(=O)OC2OC(C(=O)O)C(O)C(O)C2O)cc1,-3.18
HMDB0010347,CCCCCCCC(=O)OC1OC(C(=O)O)C(O)C(O)C1O,0.0
HMDB0010348,CC12CCC3C(CC=C4CC(OC5OC(C(=O)O)C(O)C(O)C5O)CCC43C)C1CCC2=O,-5.17
HMDB0010349,CC12CCC3c4ccc(OC5OC(C(=O)O)C(O)C(O)C5O)cc4CCC3C1CCC2O,-2.523
HMDB0010351,CC12CC(O)C3C(CCC4CC(OC5OC(C(=O)O)C(O)C(O)C5O)CCC43C)C1CCC2=O,-1.45
HMDB0010353,CC12CCC3C4CCC(=O)C=C4CCC3C1C(OC1OC(C(=O)O)C(O)C(O)C1O)CC2=O,-4.432
HMDB0010362,COc1cc2cc[nH]c2cc1OC1OC(C(=O)O)C(O)C(O)C1O,-5.21
HMDB0010363,COc1cc2[nH]ccc2cc1OC1OC(C(=O)O)C(O)C(O)C1O,-4.54
HMDB0010365,CC12CCC3C(CCC4CC(OC5OC(C(=O)O)C(O)C(O)C5O)CCC43C)C1CCC2=O,-3.03
HMDB0011167,[NH3+]C(CC(=O)NC(Cc1ccccc1)C(=O)O)C(=O)O,-4.8
HMDB0011179,O=C(O)C(Cc1ccccc1)NC(=O)C1CCC[NH2+]1,-5.65
HMDB0011658,O=C(O)C1OC(Oc2ccc3cccc(O)c3n2)C(O)C(O)C1O,-1.01
HMDB0011686,Cc1ccc(OC2OC(C(=O)O)C(O)C(O)C2O)cc1,-5.51
HMDB0011687,NC(=O)CCC(NC(=O)CCCc1ccccc1)C(=O)O,-0.6
HMDB0011723,Cc1ccccc1C(=O)NCC(=O)O,-2.24
HMDB0012111,OC(c1ccccc1)C(O)c1ccccc1,-7.3370000000000015
HMDB0012138,Oc1cccc2ccccc12,0.76
HMDB0012220,O=C(O)C1=CC(=CC=NC(CC2=CC(=O)C(=O)C=C2)C(=O)O)CC(C(=O)O)N1,-4.43
HMDB0012240,CC(C)=CCNc1ncnc2c1ncn2C1OC(CO)C(O)C(O)C1O,0.36
HMDB0012281,O=C(O)C1=CC(=CC=NC(Cc2ccc(O)cc2)C(=O)O)CC(C(=O)O)N1,-3.43
HMDB0012322,Oc1ccc2ccccc2c1,-2.09
HMDB0012468,O=S(=O)([O-])OC1Cc2cc(O)cc(O)c2OC1c1cc(O)c(O)c(O)c1,-0.82
HMDB0012488,c1ccc2c3c([nH]c2c1)C[NH2+]CC3,-4.26
HMDB0012534,CCC=CCC=CC=CC(O)CC=CCC=CCCCC(=O)O,-3.04
HMDB0012622,CC12CCC3c4cc(O)c(OS(=O)(=O)[O-])cc4CCC3C1CCC2=O,-2.41
HMDB0012638,CCC(O)C=CC1C(O)CC(=O)C1CC=CCC=CCC=CCCC(=O)O,-1.886
HMDB0012782,COc1c(O)ccc2c1CCC1C2CCC2(C)C(O)CCC12,-3.55
HMDB0012897,c1ccc2c(c1)[nH]c1cnccc12,-4.35
HMDB0012994,CCC=CCC=CCC=CC=CC=CC(SCC([NH3+])C(=O)NCC(=O)O)C(O)CCCC(=O)O,-2.54
HMDB0013039,CCCCCC(C=CC1C2CC(OO2)C1CCCCCCC(=O)O)OO,0.45
HMDB0013040,CCC=CCC(O)C=CC1C2CC(OO2)C1CC=CCCCC(=O)O,-1.96
HMDB0013139,Oc1ccc2ccc3cccc4ccc1c2c34,-1.92
HMDB0013163,Oc1ccc2c(c1)Cc1ccccc1-2,-2.82
HMDB0013189,O=C(OC1OC(C(=O)O)C(O)C(O)C1O)c1c[nH]c2ccccc12,-1.947
HMDB0013209,CC([NH3+])C(=O)NC(Cc1c[nH]c2ccccc12)C(=O)O,1.57
HMDB0013240,NC(=O)CCC(NC(=O)Cc1c[nH]c2ccccc12)C(=O)O,-2.468
HMDB0013243,CC(C)CC([NH3+])C(=O)NC(Cc1ccccc1)C(=O)O,0.52
HMDB0013245,Cc1cccc(C(=O)NCC(=O)O)c1,-1.077
HMDB0013302,[NH3+]C(Cc1ccccc1)C(=O)NC(Cc1ccccc1)C(=O)O,-1.95
HMDB0013318,NC(=O)C([NH3+])Cc1c[nH]c2ccccc12,0.81
HMDB0013609,[NH3+]C(Cc1c[nH]c2ccccc12)C(=O)O,-1.24
HMDB0013636,O=C(O)c1cc(C(=O)O)c2c(n1)C(=O)C(=O)c1cc(C(=O)O)[nH]c1-2,-2.73
HMDB0013679,O=c1ccc2c(O)c3ccoc3cc2o1,-1.87
HMDB0013680,O=C(C=Cc1ccc(O)c(O)c1)OC(C(=O)O)C(O)C(=O)O,-0.72
HMDB0013692,COc1cc(CC(CO)C(CO)Cc2ccc(O)c(OC)c2)ccc1O,-1.99
HMDB0013695,O=c1oc2cc(O)ccc2c2ccc(O)cc12,-0.02
HMDB0013696,O=c1oc2cc(O)ccc2c2ccccc12,-6.62
HMDB0013713,CC(=O)NC(Cc1c[nH]c2ccccc12)C(=O)O,-3.08
HMDB0013806,CC(C)c1cccc(C(C)C)c1,-2.253
HMDB0013846,CCCCc1nc(Cl)c(C=O)n1Cc1ccc(-c2ccccc2-c2nnn[nH]2)cc1,-6.01
HMDB0013852,Cc1cc(NS(=O)(=O)c2ccc(NO)cc2)no1,-1.3
HMDB0013854,CC(O)=Nc1ccc(S(=O)(=O)Nc2cc(C)on2)cc1,-3.082
HMDB0013862,Cc1ccc(NC(=O)c2ccc(C[NH+]3CC[NH2+]CC3)cc2)cc1Nc1nccc(-c2cccnc2)n1,-3.043
HMDB0013871,O=C1CCC(N2C(=O)c3ccc(O)cc3C2=O)C(=O)N1,-2.46
HMDB0013872,O=C1CCC(N2C(=O)C3=CC4OC4C=C3C2=O)C(=O)N1,-5.28
HMDB0013886,CC(=O)CC(c1ccccc1)c1c(O)oc2cc(O)ccc2c1=O,-6.523
HMDB0013888,C[NH+](C)CCC=C1c2ccccc2CC(O)c2ccccc21,-0.22
HMDB0013889,C[NH2+]CCC=C1c2ccccc2CC(O)c2ccccc21,-6.124
HMDB0013911,O=C1Nc2c(CO)ccnc2N(C2CC2)c2ncccc21,-4.57
HMDB0013919,O=S(=O)(CCc1ccc2[nH]cc(CC3CCC[NH2+]3)c2c1)c1ccccc1,-1.807
HMDB0013924,Clc1ccccc1C[N+]1=Cc2ccsc2CC1,-4.65
HMDB0013926,Clc1ccccc1CN1C=Cc2sccc2C1,-1.0
HMDB0013946,COc1ccccc1OCC[NH2+]CC(O)COc1cccc2[nH]c3c(O)cccc3c12,-1.13
HMDB0013947,COc1cc(O)ccc1OCC[NH2+]CC(O)COc1cccc2[nH]c3ccccc3c12,-6.301
HMDB0013948,COc1ccc(O)cc1OCC[NH2+]CC(O)COc1cccc2[nH]c3ccccc3c12,-1.06
HMDB0013949,Oc1ccccc1OCC[NH2+]CC(O)COc1cccc2[nH]c3ccccc3c12,-2.39
HMDB0013950,COc1ccccc1OCC[NH2+]CC(O)COc1ccc(O)c2[nH]c3ccccc3c12,-2.58
HMDB0013958,COc1cc2c(cc1O)CC(CC1CC[NH+](Cc3ccccc3)CC1)C2=O,-2.337
HMDB0013959,COc1cc2c(cc1O)C(=O)C(CC1CC[NH+](Cc3ccccc3)CC1)C2,-3.68
HMDB0013960,COc1cc2c(cc1OC)C(=O)C(CC1CC[NH2+]CC1)C2,-8.6
HMDB0013961,COc1ccc(CC[NH+](C)CCCC(C#N)(c2ccc(OC)c(OC)c2)C(C)C)cc1O,-2.925
HMDB0013972,Cc1ccc(O)c(C(CC[NH2+]C(C)C)c2ccccc2)c1,-0.092
HMDB0013974,O=C(O)Cc1ccccc1Nc1c(Cl)cc(O)cc1Cl,-5.752000000000002
HMDB0013976,O=C(O)Cc1ccccc1Nc1c(Cl)ccc(O)c1Cl,-5.66
HMDB0013989,CC(C(=O)O)c1ccc2cc(O)ccc2c1,1.1
HMDB0013995,NS(=O)(=O)c1ccc(-n2nc(C(F)(F)F)cc2-c2ccc(CO)cc2)cc1,-4.63
HMDB0014027,Cc1ccc(S(=O)(=O)NC(=O)NN2CC3CC(O)CC3C2)cc1,-7.32
HMDB0014028,Cc1ccc(S(=O)(=O)NC(=O)NN2CC3CCC(O)C3C2)cc1,-0.72
HMDB0014029,O=C(NN1CC2CCCC2C1)NS(=O)(=O)c1ccc(CO)cc1,-3.8
HMDB0014256,O=C(O)CCCC=CCC1C(O)CC(O)C1C=CC(F)(F)COc1ccccc1,-1.601
HMDB0014257,[NH3+]CCC=C1c2ccccc2CC(O)c2ccccc21,-2.05
HMDB0014325,CC(Cc1ccc(O)c(O)c1)C(C)Cc1ccc(O)c(O)c1,-1.96
HMDB0014353,Clc1ccccc1C[NH+]1CCc2sccc2C1,-2.28
HMDB0014359,Cc1cccc(Nc2ccncc2S(=O)(=O)NC(=O)NC(C)C)c1,-5.6960000000000015
HMDB0014361,C[NH+]1CCCC1Cc1c[nH]c2ccc(CCS(=O)(=O)c3ccccc3)cc12,-2.36
HMDB0014367,CCC1=C(C)CN(C(=O)NCCc2ccc(S(=O)(=O)NC(=O)NC3CCC(C)CC3)cc2)C1=O,-4.24
HMDB0014383,Cc1ccnc2c1NC(=O)c1cccnc1N2C1CC1,-3.52
HMDB0014388,COc1ccccc1OCC(O)C[NH+]1CC[NH+](CC(=O)Nc2c(C)cccc2C)CC1,-1.1
HMDB0014390,C[NH+]1C2CCC1CC(OC(c1ccccc1)c1ccccc1)C2,-3.094
HMDB0014391,O=C1Cc2cc(CC[NH+]3CCN(c4nsc5ccccc45)CC3)c(Cl)cc2N1,1.34
HMDB0014395,Nc1ccc(S(=O)(=O)c2ccc(N)cc2)cc1,-0.41
HMDB0014408,Cc1noc(NS(=O)(=O)c2ccc(N)cc2)c1C,-4.862
HMDB0014411,O=c1oc2ccccc2c(O)c1Cc1c(O)c2ccccc2oc1=O,-3.408
HMDB0014420,CCCc1nc(C(C)(C)O)c(C(=O)O)n1Cc1ccc(-c2ccccc2-c2nnn[nH]2)cc1,0.57
HMDB0014421,COc1cc(NS(C)(=O)=O)ccc1Nc1c2ccccc2nc2ccccc12,-2.296
HMDB0014438,Cc1nc(=O)c2cc(CN(C)c3ccc(C(=O)NC(CCC(=O)O)C(=O)O)s3)ccc2[nH]1,-2.16
HMDB0014443,Cc1ccccc1N1CC[NH+](CCc2nnc3n2CCCC3)CC1,-1.8
HMDB0014446,Cc1onc(-c2c(F)cccc2Cl)c1C(=O)NC1C(=O)N2C1SC(C)(C)C2C(=O)O,-1.47
HMDB0014448,CC(O)C1C(=O)N2C(C(=O)O)=C(SC3C[NH2+]C(C(=O)Nc4cccc(C(=O)O)c4)C3)C(C)C12,-0.04
HMDB0014462,COc1cc2ncnc(Nc3ccc(F)c(Cl)c3)c2cc1OCCC[NH+]1CCOCC1,-4.36
HMDB0014466,C[NH+](C)CCC=C1c2ccccc2CCc2ccccc21,-4.0
HMDB0014468,Cc1ccc(C(=O)c2cc(O)c(O)c([N+](=O)[O-])c2)cc1,-1.64
HMDB0014476,CC(C)[N+]1(C)C2CCC1CC(OC(=O)C(CO)c1ccccc1)C2,-3.896
HMDB0014493,CN1C(=O)CC(=O)N(c2ccccc2)c2cc(Cl)ccc21,-6.56
HMDB0014497,CCC(CO)NC(=O)C1C=C2c3cccc4[nH]cc(c34)CC2[NH+](C)C1,0.38
HMDB0014521,O=C1c2cccc3c2C(CCC3)CN1C1C[NH+]2CCC1CC2,-2.06
HMDB0014542,CNC(=O)c1cc(Oc2ccc(NC(=O)Nc3ccc(Cl)c(C(F)(F)F)c3)cc2)ccn1,-5.7360000000000015
HMDB0014558,CC(=O)c1ccc(S(=O)(=O)NC(=O)NC2CCCCC2)cc1,-3.571
HMDB0014559,CC1(C)SC2C(NC(=O)C([NH3+])c3ccccc3)C(=O)N2C1C(=O)O,-8.804
HMDB0014568,C[NH+]1C2CCC1CC(OC(=O)C(CO)c1ccccc1)C2,-2.82
HMDB0014576,O=c1[nH]c(=O)n(C2CC(O)C(CO)O2)cc1C(F)(F)F,-4.4
HMDB0014580,NS(=O)(=O)c1cc2c(cc1C(F)(F)F)NC(Cc1ccccc1)NS2(=O)=O,-2.34
HMDB0014590,[NH3+]C(C(=O)NC1C(=O)N2C(C(=O)O)=C(Cl)CCC12)c1ccccc1,-1.139
HMDB0014593,O=C(CCC[NH+]1CC=C(n2c(=O)[nH]c3ccccc32)CC1)c1ccc(F)cc1,-3.19
HMDB0014600,COc1cc2nc(N3CCN(C(=O)c4ccco4)CC3)nc(N)c2cc1OC,-3.658
HMDB0014604,COc1ccc2cc(CCC(C)=O)ccc2c1,-2.03
HMDB0014605,C[N+]1(C)C2CC(OC(=O)C(CO)c3ccccc3)CC1C1OC12,-1.99
HMDB0014608,O=C(c1ccccc1)c1ccc2n1CCC2C(=O)O,-4.57
HMDB0014611,C=CC1C[NH+]2CCC1CC2C(O)c1ccnc2ccc(OC)cc12,-0.44
HMDB0014615,C[NH2+]CCC(Oc1ccc(C(F)(F)F)cc1)c1ccccc1,-1.16
HMDB0014616,CC(C[NH2+]C1CCCCC1)OC(=O)c1ccccc1,-4.16
HMDB0014633,O=C1CC2(CCCC2)CC(=O)N1CCCC[NH+]1CCN(c2ncccn2)CC1,0.06
HMDB0014636,CON=C(C(=O)NC1C(=O)N2C(C(=O)O)=C(COC(C)=O)CSC12)c1csc(N)n1,-4.62
HMDB0014638,Cc1cn(C2CC(N=[N+]=[N-])C(CO)O2)c(=O)[nH]c1=O,-3.85
HMDB0014639,NC(=O)C(c1ccccc1)(c1ccccc1)C1CC[NH+](CCc2ccc3c(c2)CCO3)C1,-1.77
HMDB0014641,O=C1c2ccccc2C(=O)C1c1ccccc1,-1.3
HMDB0014643,Cc1ccc(C(=O)c2ccc(CC(=O)O)n2C)cc1,-0.72
HMDB0014645,O=C(CCC[NH+]1CCC(O)(c2ccc(Cl)cc2)CC1)c1ccc(F)cc1,-0.7
HMDB0014649,CC(=O)Oc1ccccc1C(=O)Nc1ncc([N+](=O)[O-])s1,-0.6
HMDB0014660,CCOC(=O)C(CCc1ccccc1)[NH2+]C(C)C(=O)N1C(C(=O)O)CC2CCCCC21,-0.85
HMDB0014662,CC(C)(C)[NH2+]CC(O)COc1cccc2c1CCC(=O)N2,-2.168
HMDB0014663,O=C(O)c1ccc(NC(=O)C(Cc2ccc(O)cc2)NC(=O)c2ccccc2)cc1,-4.046
HMDB0014668,CCCCOc1cc(C(=O)NCC[NH+](CC)CC)c2ccccc2n1,-3.3
HMDB0014682,CCOC(=O)C(CCc1ccccc1)[NH2+]C1CCc2ccccc2N(CC(=O)O)C1=O,-3.785
HMDB0014693,COc1c2occc2cc2ccc(=O)oc12,-2.616
HMDB0014704,NC(=O)N1c2ccccc2C=Cc2ccccc21,-3.59
HMDB0014713,CC(C(=O)O)c1cccc(Oc2ccccc2)c1,-4.09
HMDB0014715,Cc1nnc(NS(=O)(=O)c2ccc(N)cc2)s1,0.62
HMDB0014722,CCOC(=O)C(CCc1ccccc1)[NH2+]C(C)C(=O)N1CCCC1C(=O)O,-2.62
HMDB0014724,O=C(O)Cc1ccccc1Nc1c(Cl)cccc1Cl,-0.45
HMDB0014728,COc1cc2nc(N3CCN(C(=O)C4COc5ccccc5O4)CC3)nc(N)c2cc1OC,-2.23
HMDB0014736,CC(CCc1ccccc1)[NH2+]CC(O)c1ccc(O)c(C(N)=O)c1,0.85
HMDB0014742,COc1cc(N)c(Cl)cc1C(=O)NC1CC[NH+](CCCOc2ccc(F)cc2)CC1OC,-5.35
HMDB0014745,CCOc1ccc2ccccc2c1C(=O)NC1C(=O)N2C1SC(C)(C)C2C(=O)O,-1.22
HMDB0014757,Cc1ccc(NC(=O)c2ccc(C[NH+]3CC[NH+](C)CC3)cc2)cc1Nc1nccc(-c2cccnc2)n1,-3.6
HMDB0014760,COC(=O)C1=C(C)NC(C)=C(C(=O)OCC[NH+](C)Cc2ccccc2)C1c1cccc([N+](=O)[O-])c1,-1.7
HMDB0014771,Cc1cccc(C(C)c2c[nH]c[nH+]2)c1C,-4.097
HMDB0014792,CC(C)OC(=O)CCCC=CCC1C(O)CC(O)C1CCC(O)CCc1ccccc1,-7.02
HMDB0014794,O=c1n(CCC[NH+]2CCN(c3cccc(Cl)c3)CC2)nc2ccccn12,-6.34
HMDB0014798,Cc1cc(C)cc(OCC2CNC(=O)O2)c1,-6.89
HMDB0014803,CC1(C)NC(=O)N(c2ccc([N+](=O)[O-])c(C(F)(F)F)c2)C1=O,-7.28
HMDB0014814,O=C(OCc1ccccc1)c1ccccc1,-4.678
HMDB0014826,COc1c(C)c2c(c(O)c1CC=C(C)CCC(=O)OCC[NH+]1CCOCC1)C(=O)OC2,-2.89
HMDB0014827,CC(=O)OCC1=C(C(=O)O)N2C(=O)C(NC(=O)C([NH3+])c3ccccc3)C2SC1,-3.37
HMDB0014829,CCOC(=O)C(CCc1ccccc1)[NH2+]C(C)C(=O)N1Cc2cc(OC)c(OC)cc2CC1C(=O)O,-4.13
HMDB0014837,COC12CC(COC(=O)c3cncc(Br)c3)C[NH+](C)C1Cc1cn(C)c3cccc2c13,-2.37
HMDB0014851,Cc1onc(-c2ccccc2)c1C(=O)NC1C(=O)N2C1SC(C)(C)C2C(=O)O,-6.98
HMDB0014853,Fc1ccc(C2CC[NH2+]CC2COc2ccc3c(c2)OCO3)cc1,-0.74
HMDB0014862,CC(C)Cn1cnc2c(N)nc3ccccc3c21,-3.4
HMDB0014869,CC(C)C1CCC(C(=O)NC(Cc2ccccc2)C(=O)O)CC1,-2.78
HMDB0014883,NC(=O)CS(=O)C(c1ccccc1)c1ccccc1,-8.402000000000001
HMDB0014887,CCc1cccc2c3c([nH]c12)C(CC)(CC(=O)O)OCC3,-2.016
HMDB0014892,CCN1C(=O)NC(c2ccccc2)C1=O,-4.04
HMDB0014895,O=C(OC1CC2CC3CC(C1)[NH+]2CC3=O)c1c[nH]c2ccccc12,-4.55
HMDB0014914,NC(=O)N1c2ccccc2CC(=O)c2ccccc21,-0.6
HMDB0014917,CCn1cc(C(=O)O)c(=O)c2ccc(C)nc21,-1.48
HMDB0014920,CC(C)[N+](C)(CCOC(=O)C1c2ccccc2Oc2ccccc21)C(C)C,-2.09
HMDB0014933,O=C(O)c1cc(N=Nc2ccc(S(=O)(=O)Nc3ccccn3)cc2)ccc1O,-1.82
HMDB0014938,Oc1ccc(C2C[NH2+]CCc3c2cc(O)c(O)c3Cl)cc1,-2.33
HMDB0014943,Cc1cc(-c2ccccc2)nnc1NCC[NH+]1CCOCC1,-2.766
HMDB0014946,CC1Cc2ccccc2N1NC(=O)c1ccc(Cl)c(S(N)(=O)=O)c1,-3.21
HMDB0014951,CCC(=O)N(c1ccccc1)C1CC[NH+](CCc2ccccc2)CC1,-4.0
HMDB0014955,CCn1cc(C(=O)O)c(=O)c2ccc(-c3ccncc3)cc21,-2.4
HMDB0014956,CC(C)c1cccc(C(C)C)c1O,-4.62
HMDB0014958,CN1CC(=O)N2C(Cc3c([nH]c4ccccc34)C2c2ccc3c(c2)OCO3)C1=O,-1.74
HMDB0014959,CC(C(=O)O)c1ccc2c(c1)[nH]c1ccc(Cl)cc12,-5.153
HMDB0014961,C#CC1(OC(C)=O)CCC2C3CCC4=CC(OC(C)=O)CCC4C3CCC21C,-5.84
HMDB0014967,CN1C(=O)CN=C(c2ccccc2)c2cc(Cl)ccc21,-4.4
HMDB0014970,CN1C(=O)CC(c2ccccc2)C1=O,-4.02
HMDB0014971,[NH3+]C(C(=O)NC1C(=O)N2C(C(=O)O)=C(Cl)CSC12)c1ccccc1,0.523
HMDB0014975,NC(=O)CCCNC(=C1C=C(F)C=CC1=O)c1ccc(Cl)cc1,-5.282
HMDB0014977,Cc1ccc(S(=O)(=O)NC(=O)NN2CCCCCC2)cc1,-4.5760000000000005
HMDB0014979,CC(CCc1ccc(O)cc1)[NH2+]CCc1ccc(O)c(O)c1,-2.41
HMDB0014980,O=C1Nc2ccc(Cl)cc2C(c2ccccc2)=NC1O,-3.12
HMDB0014999,O=C(O)c1cc(-c2ccc(F)cc2F)ccc1O,-9.16
HMDB0015000,CCCc1nc(C)c2c(=O)nc(-c3cc(S(=O)(=O)N4CC[NH+](CC)CC4)ccc3OCC)[nH]n12,-0.41
HMDB0015003,CC(Cc1ccccc1)[NH+](C)Cc1ccccc1,-8.334
HMDB0015005,CC([NH2+]CCc1ccc(O)cc1)C(O)c1ccc(O)cc1,-3.324
HMDB0015019,CCOC(=O)C(CCc1ccccc1)[NH2+]C(C)C(=O)N1Cc2ccccc2CC1C(=O)O,-1.29
HMDB0015023,Cc1cccn2c(=O)c(-c3nn[nH]n3)cnc12,-1.34
HMDB0015026,Cn1nc(C(=O)NC2CC3CCCC(C2)[NH+]3C)c2ccccc21,-6.49
HMDB0015028,Nc1ccc(S(=O)(=O)Nc2ccccn2)cc1,-4.64
HMDB0015048,CCOc1cc(CC(=O)NC(CC(C)C)c2ccccc2N2CCCCC2)ccc1C(=O)O,-4.194
HMDB0015049,CCOC(=O)C1(c2ccccc2)CC[NH+](CCc2ccc(N)cc2)CC1,-4.0
HMDB0015060,C[NH+](C)CCC=C1c2ccccc2C=Cc2ccccc21,-2.31
HMDB0015061,CC(COc1ccccc1)[NH+](CCCl)Cc1ccccc1,-3.2
HMDB0015075,CC[N+](C)(CC)CCOC(=O)C1c2ccccc2Oc2ccccc21,-1.29
HMDB0015084,NC(=O)OCC(COC(N)=O)c1ccccc1,-3.999
HMDB0015087,CNS(=O)(=O)CCc1ccc2[nH]cc(C3CC[NH+](C)CC3)c2c1,-2.17
HMDB0015097,CCN(C(C)=O)c1cccc(-c2ccnc3c(C#N)cnn23)c1,-4.47
HMDB0015098,Nc1c(CC(=O)O)cccc1C(=O)c1ccc(Br)cc1,-2.68
HMDB0015102,Clc1ccc2c(c1)CCc1cccnc1C2=C1CC[NH2+]CC1,-0.24
HMDB0015107,C[NH+]1CCCC(n2nc(Cc3ccc(Cl)cc3)c3ccccc3c2=O)CC1,-3.13
HMDB0015108,O=C1C(CCC(O)c2ccc(F)cc2)C(c2ccc(O)cc2)N1c1ccc(F)cc1,-7.0
HMDB0015115,CCC(=O)NCCC1CCc2ccc3c(c21)CCO3,-1.4880000000000002
HMDB0015118,COc1ccc(CC(C)[NH2+]CC(O)c2ccc(O)c(NC=O)c2)cc1,-2.12
HMDB0015126,O=C(O)CCc1nc(-c2ccccc2)c(-c2ccccc2)o1,-7.21
HMDB0015133,C[NH2+]C1CCc2[nH]c3ccc(C(N)=O)cc3c2C1,-2.596
HMDB0015144,CC(C(=O)O)c1cccc(C(=O)c2ccccc2)c1,-8.23
HMDB0015149,O=C(O)CCNC(=O)c1ccc(N=Nc2ccc(O)c(C(=O)O)c2)cc1,-3.15
HMDB0015151,COc1ccc(Cl)cc1C(=O)NCCc1ccc(S(=O)(=O)NC(=O)NC2CCCCC2)cc1,-2.322
HMDB0015159,COc1c(C)c2c(c(O)c1CC=C(C)CCC(=O)O)C(=O)OC2,-6.29
HMDB0015160,CC(C)c1ccc2oc3nc(N)c(C(=O)O)cc3c(=O)c2c1,-3.536
HMDB0015175,O=C1CCC(N2C(=O)c3ccccc3C2=O)C(=O)N1,-1.716
HMDB0015189,Cc1cccc(C)c1NC(=O)C(C)[NH3+],-1.04
HMDB0015191,O=C(C1CCCCC1)N1CC(=O)N2CCc3ccccc3C2C1,-1.75
HMDB0015200,Cc1cnc(C(=O)NCCc2ccc(S(=O)(=O)NC(=O)NC3CCCCC3)cc2)cn1,-3.22
HMDB0015201,O=C1CN=C(c2ccccc2Cl)c2cc([N+](=O)[O-])ccc2N1,-4.2
HMDB0015219,COc1cc(NC(C)CCC[NH3+])c2ncccc2c1,-3.51
HMDB0015220,CC#CCC(C)C(O)C=CC1C(O)CC2CC(=CCCCC(=O)OCC(=O)c3ccccc3)CC21,-0.49
HMDB0015229,Cc1oncc1C(=O)Nc1ccc(C(F)(F)F)cc1,-3.76
HMDB0015245,COc1ccc(Cc2nccc3cc(OC)c(OC)cc23)cc1OC,-1.37
HMDB0015249,O=C1C(O)=C(C2CCC(c3ccc(Cl)cc3)CC2)C(=O)c2ccccc21,-4.26
HMDB0015252,Cc1ccc(S(=O)(=O)NC(=O)NN2CC3CCCC3C2)cc1,-4.6
HMDB0015257,COc1ccc(C2C(=O)c3ccccc3C2=O)cc1,-3.42
HMDB0015260,CC(O)(CS(=O)(=O)c1ccc(F)cc1)C(=O)Nc1ccc(C#N)c(C(F)(F)F)c1,-3.43
HMDB0015264,CCc1ccc(CCOc2ccc(CC3SC(=O)NC3=O)cc2)nc1,-3.67
HMDB0015267,COc1ccccc1OCC[NH2+]CC(O)COc1cccc2[nH]c3ccccc3c12,-3.11
HMDB0015269,O=C1C(CCS(=O)c2ccccc2)C(=O)N(c2ccccc2)N1c1ccccc1,0.74
HMDB0015271,CC1=C(C(=O)O)N2C(=O)C(NC(=O)C([NH3+])c3ccc(O)cc3)C2SC1,-0.68
HMDB0015273,C[NH+](C)CCC=C1c2ccccc2COc2ccccc21,-3.5860000000000003
HMDB0015279,Cc1c(-c2ccccc2)oc2c(C(=O)OCC[NH+]3CCCCC3)cccc2c1=O,-6.005
HMDB0015280,CCc1nn(CCC[NH+]2CCN(c3cccc(Cl)c3)CC2)c(=O)n1CCOc1ccccc1,-3.39
HMDB0015288,COc1cc(NCc2ccc3nc(N)nc(N)c3c2C)cc(OC)c1OC,-2.696
HMDB0015297,O=C1CCc2cc(OCCCCc3nnnn3C3CCCCC3)ccc2N1,-4.1
HMDB0015308,CC(=O)C1(O)Cc2c(O)c3c(c(O)c2C(OC2CC([NH3+])C(O)C(C)O2)C1)C(=O)c1ccccc1C3=O,-1.6
HMDB0015313,CCC[NH2+]CC(O)COc1ccccc1C(=O)CCc1ccccc1,-0.66
HMDB0015315,O=c1[nH]c2ccccc2n1CCC[NH+]1CCC(n2c(=O)[nH]c3cc(Cl)ccc32)CC1,0.43
HMDB0015317,CCC[NH+]1CC(CSC)CC2c3cccc4[nH]cc(c34)CC21,-3.77
HMDB0015319,Cc1cc(C2CCCCC2)n(O)c(=O)c1,-1.9
HMDB0015322,CC[NH2+]C(C)Cc1cccc(C(F)(F)F)c1,-4.43
HMDB0015326,O=C(NCC1CCCC[NH2+]1)c1cc(OCC(F)(F)F)ccc1OCC(F)(F)F,-3.37
HMDB0015338,O=C(O)CCCCON=C(c1cccnc1)c1cccc(C(F)(F)F)c1,-2.39
HMDB0015341,CC(C)(C)[NH2+]CC(O)COc1cccc2c1CCCC2=O,0.32
HMDB0015350,O=C1CN(N=Cc2ccc(-c3ccc([N+](=O)[O-])cc3)o2)C(=O)N1,-3.924
HMDB0015359,COc1ccc(C(=O)Nc2ccccc2CCC2CCCC[NH+]2C)cc1,-6.57
HMDB0015361,OC(CCC[NH+]1CCCCC1)(c1ccccc1)c1ccccc1,-1.87
HMDB0015377,Cc1cc(C(=O)NNCc2ccccc2)no1,-4.328
HMDB0015382,O=C(O)C(CC(=O)N1CC2CCCCC2C1)Cc1ccccc1,-1.78
HMDB0015384,Cc1nc(Nc2ncc(C(=O)Nc3c(C)cccc3Cl)s2)cc(N2CC[NH+](CCO)CC2)n1,-3.26
HMDB0015390,[NH3+]C(CC(=O)N1CCn2c(nnc2C(F)(F)F)C1)Cc1cc(F)c(F)cc1F,-2.59
HMDB0015396,Cc1nc2n(c(=O)c1CC[NH+]1CCC(c3noc4cc(F)ccc34)CC1)CCCC2O,-3.09
HMDB0015398,c1cnc2cc3c(cc2n1)C1C[NH2+]CC3C1,1.1
HMDB0015406,Cc1cc(C(=O)NCCc2ccc(S(=O)(=O)NC(=O)NN3CCCCCC3)cc2)no1,-2.92
HMDB0015409,COc1ccc(CC[NH2+]CC(O)COc2cccc(C)c2)cc1OC,-0.14
HMDB0015412,CCn1ccc(NS(=O)(=O)c2ccc(N)cc2)nc1=O,-2.55
HMDB0015433,CCOC(=O)C(CCc1ccccc1)[NH2+]C1CCCN2CCCC(C(=O)O)N2C1=O,-4.77
HMDB0015438,CCOC(=O)C(CCc1ccccc1)[NH2+]C(C)C(=O)N1CC2(CC1C(=O)O)SCCS2,-1.877
HMDB0015464,COC(=O)C1C(O)CCC2C[NH+]3CCc4c([nH]c5ccccc45)C3CC21,-1.8
HMDB0015465,CC(C)(Oc1ccc(CCNC(=O)c2ccc(Cl)cc2)cc1)C(=O)O,-3.01
HMDB0015471,O=C(Oc1ccccc1C(=O)O)c1ccccc1O,-3.78
HMDB0015485,Nc1nc(C(=CCC(=O)O)C(=O)NC2C(=O)N3C(C(=O)O)=CCSC23)cs1,-0.985
HMDB0015491,O=[N+]([O-])c1ccc(O)c2ncccc12,-4.19
HMDB0015494,C=CC[NH+]1CCCC1CNC(=O)c1cc2n[nH]nc2cc1OC,-1.3
HMDB0015497,COc1ccc(C(=O)c2ccccc2)c(O)c1,-1.92
HMDB0015505,CCC1(c2ccccc2)CCC(=O)NC1=O,-3.0
HMDB0015506,Nc1ccc(N=Nc2ccccc2)c(N)n1,-2.404
HMDB0015511,O=C1CN=C(c2ccccn2)c2cc(Br)ccc2N1,-2.35
HMDB0015521,Cc1ccnc(NS(=O)(=O)c2ccc(N)cc2)n1,-1.84
HMDB0015522,Cc1cc(C)nc(NS(=O)(=O)c2ccc(N)cc2)n1,-5.47
HMDB0015534,O=C1CN=C(c2ccccc2)c2cc([N+](=O)[O-])ccc2N1,-2.478
HMDB0015538,CC(C(=O)O)c1ccc(C(=O)c2ccccc2)s1,-4.44
HMDB0015542,CC(C)(C)C(=O)OCOC(=O)C1N2C(=O)C(NC(=O)C([NH3+])c3ccccc3)C2SC1(C)C,-1.21
HMDB0015547,O=C(O)c1ccc(-n2nc(-c3ccccc3O)nc2-c2ccccc2O)cc1,-0.36
HMDB0015557,C[NH+](C)CCC(c1ccccc1)c1ccccn1,-1.803
HMDB0015558,CN(C)S(=O)(=O)c1ccc2c(c1)N(CCC[NH+]1CCC(CCO)CC1)c1ccccc1S2,-0.8
HMDB0015573,O=C(O)c1cccnc1Nc1cccc(C(F)(F)F)c1,-4.73
HMDB0015575,Cc1cc2cc3c(C)cc(=O)oc3c(C)c2o1,-6.96
HMDB0015586,CC1CC(OC(=O)C(O)c2ccccc2)CC(C)(C)C1,-3.2
HMDB0015594,OC(C[NH2+]CC(O)C1CCc2cc(F)ccc2O1)C1CCc2cc(F)ccc2O1,-2.36
HMDB0015602,CCN(CC)C(=O)C1(c2ccccc2)CC1C[NH3+],-2.74
HMDB0015608,CCc1cc2c(cc1CC)CC([NH2+]CC(O)c1ccc(O)c3[nH]c(=O)ccc13)C2,-3.35
HMDB0015614,CC(C)C(=O)c1c(C(C)C)nn2ccccc12,-0.83
HMDB0015631,CC1C[NH+](CC(Cc2ccccc2)C(=O)NCC(=O)O)CCC1(C)c1cccc(O)c1,-3.33
HMDB0015636,COc1ccc2cccc(CCNC(C)=O)c2c1,-6.39
HMDB0015637,N#Cc1ccc2[nH]cc(CCCC[NH+]3CCN(c4ccc5oc(C(N)=O)cc5c4)CC3)c2c1,-4.873
HMDB0015667,Nc1ccc(S(=O)(=O)Nc2ccnn2-c2ccccc2)cc1,-2.54
HMDB0015678,NC(=O)Cc1cccc(C(=O)c2ccccc2)c1N,-3.14
HMDB0015679,O=C(Nc1ccc([N+](=O)[O-])cc1Cl)c1cc(Cl)ccc1O,-3.81
HMDB0015684,CN(C(=O)C(Cl)Cl)c1ccc(OC(=O)c2ccco2)cc1,-4.28
HMDB0015688,Cc1nc(NS(=O)(=O)c2ccc(N)cc2)oc1C,-0.89
HMDB0015696,Cc1cc2c(OCC(C[NH2+]C(C)(C)C)OC(=O)c3ccccc3)cccc2[nH]1,-2.23
HMDB0015698,CCOc1cc(N)c([N+](=O)[O-])cc1C(=O)NC1CC[NH+](CC2CC=CCC2)CC1,-4.63
HMDB0015699,CCC1C(C)=NN=C(c2ccc(OC)c(OC)c2)c2cc(OC)c(OC)cc21,-0.95
HMDB0015704,CC(C)OC(=O)CCCC=CCC1C(O)CC(O)C1C=CC(F)(F)COc1ccccc1,-3.483
HMDB0028694,CC([NH3+])C(=O)NC(Cc1ccccc1)C(=O)O,-3.592
HMDB0028699,CC([NH3+])C(=O)NC(Cc1ccc(O)cc1)C(=O)O,-0.88
HMDB0028738,NC(=O)CC([NH3+])C(=O)NC(Cc1ccccc1)C(=O)O,-2.154
HMDB0028742,NC(=O)CC([NH3+])C(=O)NC(Cc1c[nH]c2ccccc12)C(=O)O,-3.36
HMDB0028743,NC(=O)CC([NH3+])C(=O)NC(Cc1ccc(O)cc1)C(=O)O,-2.36
HMDB0028764,[NH3+]C(CC(=O)O)C(=O)NC(Cc1c[nH]c2ccccc12)C(=O)O,-0.74
HMDB0028765,[NH3+]C(CC(=O)O)C(=O)NC(Cc1ccc(O)cc1)C(=O)O,-6.307
HMDB0028804,N=C(O)CCC([NH3+])C(O)=NC(Cc1ccccc1)C(=O)O,0.49
HMDB0028808,NC(=O)CCC([NH3+])C(=O)NC(Cc1c[nH]c2ccccc12)C(=O)O,-1.96
HMDB0028830,[NH3+]C(CCC(=O)O)C(=O)NC(Cc1c[nH]c2ccccc12)C(=O)O,-7.28
HMDB0028852,[NH3+]CC(=O)NC(Cc1c[nH]c2ccccc12)C(=O)O,-3.81
HMDB0028874,O=C(O)C(Cc1c[nH]c2ccccc12)NC(=O)C1CC(O)C[NH2+]1,-3.0
HMDB0028875,O=C(O)C(Cc1ccc(O)cc1)NC(=O)C1CC(O)C[NH2+]1,-4.42
HMDB0028892,[NH3+]C(Cc1c[nH]c[nH+]1)C(=O)NC(Cc1ccccc1)C(=O)O,-4.4110000000000005
HMDB0028897,[NH3+]C(Cc1c[nH]c[nH+]1)C(=O)NC(Cc1ccc(O)cc1)C(=O)O,-5.4
HMDB0028914,CCC(C)C([NH3+])C(=O)NC(Cc1ccccc1)C(=O)O,-4.5
HMDB0028988,CC(NC(=O)C([NH3+])Cc1ccccc1)C(=O)O,-3.952
HMDB0028990,NC(=O)CC(NC(=O)C([NH3+])Cc1ccccc1)C(=O)O,-2.356
HMDB0028991,[NH3+]C(Cc1ccccc1)C(=O)NC(CC(=O)O)C(=O)O,-2.08
HMDB0028993,NC(=O)CCC(NC(=O)C([NH3+])Cc1ccccc1)C(=O)O,-1.77
HMDB0028994,[NH3+]C(Cc1ccccc1)C(=O)NC(CCC(=O)O)C(=O)O,-3.083
HMDB0028997,[NH3+]C(Cc1ccccc1)C(=O)NC(Cc1c[nH+]c[nH]1)C(=O)O,-5.259
HMDB0028998,CCC(C)C(NC(=O)C([NH3+])Cc1ccccc1)C(=O)O,-4.86
HMDB0029005,CC(O)C(NC(=O)C([NH3+])Cc1ccccc1)C(=O)O,-3.1
HMDB0029006,[NH3+]C(Cc1ccccc1)C(=O)NC(Cc1c[nH]c2ccccc12)C(=O)O,-7.278
HMDB0029007,[NH3+]C(Cc1ccccc1)C(=O)NC(Cc1ccc(O)cc1)C(=O)O,-2.86
HMDB0029009,[NH3+]C(CCC(=O)NC(=O)C([NH3+])Cc1ccccc1)C(=O)O,-5.24
HMDB0029028,O=C(O)C(Cc1c[nH]c2ccccc12)NC(=O)C1CCC[NH2+]1,-2.39
HMDB0029029,O=C(O)C(Cc1ccc(O)cc1)NC(=O)C1CCC[NH2+]1,-1.34
HMDB0029050,[NH3+]C(CO)C(=O)NC(Cc1c[nH]c2ccccc12)C(=O)O,-1.06
HMDB0029076,CC(NC(=O)C([NH3+])Cc1c[nH]c2ccccc12)C(=O)O,-2.51
HMDB0029078,NC(=O)CC(NC(=O)C([NH3+])Cc1c[nH]c2ccccc12)C(=O)O,-1.32
HMDB0029079,[NH3+]C(Cc1c[nH]c2ccccc12)C(=O)NC(CC(=O)O)C(=O)O,-2.37
HMDB0029080,[NH3+]C(Cc1c[nH]c2ccccc12)C(=O)NC(CS)C(=O)O,-0.244
HMDB0029081,NC(=O)CCC(NC(=O)C([NH3+])Cc1c[nH]c2ccccc12)C(=O)O,-2.86
HMDB0029082,[NH3+]C(Cc1c[nH]c2ccccc12)C(=O)NC(CCC(=O)O)C(=O)O,-2.38
HMDB0029083,[NH3+]C(Cc1c[nH]c2ccccc12)C(=O)NCC(=O)O,-5.05
HMDB0029084,[NH3+]C(Cc1c[nH]c2ccccc12)C(=O)N1CC(O)CC1C(=O)O,-4.56
HMDB0029085,[NH3+]C(Cc1c[nH]c2ccccc12)C(=O)NC(Cc1c[nH+]c[nH]1)C(=O)O,-0.36
HMDB0029086,CCC(C)C(NC(=O)C([NH3+])Cc1c[nH]c2ccccc12)C(=O)O,-4.64
HMDB0029087,CC(C)CC(N=C(O)C([NH3+])Cc1c[nH]c2ccccc12)C(=O)O,-1.6
HMDB0029088,[NH3+]CCCCC(NC(=O)C([NH3+])Cc1c[nH]c2ccccc12)C(=O)O,-4.5710000000000015
HMDB0029090,[NH3+]C(Cc1c[nH]c2ccccc12)C(=O)NC(Cc1ccccc1)C(=O)O,-7.2
HMDB0029091,[NH3+]C(Cc1c[nH]c2ccccc12)C(=O)N1CCCC1C(=O)O,-5.184
HMDB0029092,[NH3+]C(Cc1c[nH]c2ccccc12)C(=O)NC(CO)C(=O)O,-3.93
HMDB0029093,CC(O)C(NC(=O)C([NH3+])Cc1c[nH]c2ccccc12)C(=O)O,-4.749
HMDB0029094,[NH3+]C(Cc1c[nH]c2ccccc12)C(=O)NC(Cc1c[nH]c2ccccc12)C(=O)O,-0.89
HMDB0029095,[NH3+]C(Cc1c[nH]c2ccccc12)C(=O)NC(Cc1ccc(O)cc1)C(=O)O,-4.74
HMDB0029096,CC(C)C(NC(=O)C([NH3+])Cc1c[nH]c2ccccc12)C(=O)O,-4.735
HMDB0029097,[NH3+]C(CCC(=O)NC(=O)C([NH3+])Cc1c[nH]c2ccccc12)C(=O)O,-1.25
HMDB0029098,CC(NC(=O)C([NH3+])Cc1ccc(O)cc1)C(=O)O,-8.017000000000001
HMDB0029103,NC(=O)CCC(NC(=O)C([NH3+])Cc1ccc(O)cc1)C(=O)O,-1.16
HMDB0029104,[NH3+]C(Cc1ccc(O)cc1)C(=O)NC(CCC(=O)O)C(=O)O,-0.6
HMDB0029106,[NH3+]C(Cc1ccc(O)cc1)C(=O)N1CC(O)CC1C(=O)O,-3.03
HMDB0029112,[NH3+]C(Cc1ccc(O)cc1)C(=O)NC(Cc1ccccc1)C(=O)O,-2.0
HMDB0029116,[NH3+]C(Cc1ccc(O)cc1)C(=O)NC(Cc1c[nH]c2ccccc12)C(=O)O,-0.29
HMDB0029117,[NH3+]C(Cc1ccc(O)cc1)C(=O)NC(Cc1ccc(O)cc1)C(=O)O,-4.15
HMDB0029119,[NH3+]C(CCC(=O)NC(=O)C([NH3+])Cc1ccc(O)cc1)C(=O)O,-3.54
HMDB0029134,CC(C)C([NH3+])C(=O)NC(Cc1ccccc1)C(=O)O,-0.78
HMDB0029138,CC(C)C([NH3+])C(=O)NC(Cc1c[nH]c2ccccc12)C(=O)O,-2.8
HMDB0029156,[NH3+]C(CCC(=O)O)C(=O)NC(Cc1ccccc1)C(=O)O,-1.29
HMDB0029160,[NH3+]C(CCC(=O)NC(Cc1c[nH]c2ccccc12)C(=O)O)C(=O)O,-0.18
HMDB0029185,O=C1CCC(Cc2ccc(O)c(O)c2)O1,-2.55
HMDB0029191,O=C1CCC(Cc2ccc(O)c(OS(=O)(=O)[O-])c2)O1,-4.69
HMDB0029202,COc1ccc(C2CC(=O)c3c(O)cc(O)cc3O2)cc1OS(=O)(=O)[O-],-4.31
HMDB0029218,O=c1oc2cc(O)ccc2c2cc(O)c(O)cc12,-2.43
HMDB0029219,O=c1oc2c(O)c(O)ccc2c2cc(O)c(O)cc12,-1.6
HMDB0029249,Oc1cc(O)c2ccc(-c3ccc(O)c(O)c3)[o+]c2c1,-1.95
HMDB0029250,COc1cc(-c2[o+]c3cc(O)cc4c3c(c2O)C=C(c2ccc(O)cc2)O4)cc(OC)c1O,-3.81
HMDB0029251,COc1cc(-c2[o+]c3cc(O)cc4c3c(c2O)C=C(c2ccc(O)c(O)c2)O4)cc(OC)c1O,-3.74
HMDB0029253,O=C(CCc1ccc(O)c(O)c1)c1c(O)cc(O)cc1O,-7.3210000000000015
HMDB0029284,O=C(C=Cc1ccc(O)c(O)c1)Nc1ccccc1C(=O)O,-2.73
HMDB0029287,O=C(C=Cc1ccc(O)c(O)c1)OC1CC2(O)CC(OC2=O)C1O,-2.19
HMDB0029288,O=C(C=Cc1ccc(O)c(O)c1)OC1C(O)CC2(O)CC1OC2=O,-8.003
HMDB0029289,COc1cc(C=CC(=O)OC2CC3(O)CC(OC3=O)C2O)ccc1O,0.522
HMDB0029290,COc1cc(C=CC(=O)OC2C(O)CC3(O)CC2OC3=O)ccc1O,-1.91
HMDB0029291,O=C(C=Cc1ccc(O)c(O)c1)OC1CC2(O)CC(OC2=O)C1OC(=O)C=Cc1ccc(O)c(O)c1,-0.22
HMDB0029292,O=C(C=Cc1ccc(O)cc1)OC1CC2(O)CC(OC2=O)C1O,-5.233
HMDB0029293,O=C(C=Cc1ccc(O)cc1)OC1C(O)CC2(O)CC1OC2=O,-0.4
HMDB0029295,O=C(C=Cc1ccc(O)c(O)c1)NC(Cc1ccc(O)cc1)C(=O)O,-2.84
HMDB0029296,O=C(C=Cc1ccc(O)cc1)NC(Cc1ccc(O)c(O)c1)C(=O)O,-1.09
HMDB0029303,COc1cc(-c2c(O)c(O)cc3c2COCC3)ccc1O,-1.59
HMDB0029304,CC=C1C(O)OC=C(C(=O)OC)C1CC(=O)OCCc1ccc(O)c(O)c1,-4.74
HMDB0029307,COc1cc(O)ccc1-c1coc2cc(O)cc(OC)c2c1=O,-2.89
HMDB0029318,O=C(O)CC(OC(=O)C=Cc1ccc(O)c(O)c1)C(=O)O,-3.796
HMDB0029322,COc1cc(O)c2c(=O)c3ccccc3n(C)c2c1,-1.94
HMDB0029346,CC(C)=CCCC(C)=CCOC1OC(CO)C(O)C(O)C1O,-1.989
HMDB0029355,O=C(O)CC(NC(=O)Cc1ccccc1)C(=O)O,-4.22
HMDB0029356,COc1cc(C=CC(O)=NCC(O)=NC(Cc2ccccc2)C(=O)O)ccc1O,-8.49
HMDB0029365,COc1cc(C=CC(=O)NCCc2ccc(O)cc2)ccc1O,-5.666
HMDB0029366,OC(=NCCc1ccc(O)cc1)c1ccccc1,-4.63
HMDB0029367,C[n+]1cc2c3c(ccc2c2ccc4cc5c(cc4c21)OCO5)OCO3,-4.07
HMDB0029374,O=C(C=CC=Cc1ccc2c(c1)OCO2)N1CCCC1,-2.82